event_id,lead_hours,method,target,tp,fp,fn,tn,precision,recall,critical_success_index,footprint_iou,forecast_object_count,reference_object_count,object_hits,object_false_alarms,object_misses,object_precision,object_recall,mean_matched_iou,mean_matched_centroid_error_km,mean_matched_area_ratio,area_weighted_iou,minimum_object_to_reference_centroid_distance_km,any_object_within_300km_reference,minimum_wind_object_centroid_to_imd_km,average_precision_threshold_free,predicted_area_km2,reference_area_km2
BULBUL_2019,120,fixed_support_0p4,clim99,32,10,847,9312,0.7619047619047619,0.03640500568828214,0.0359955005624297,0.0359955005624297,1,3,1,0,2,1.0,0.3333333333333333,0.03745058349806008,360.8460059017179,0.04980333696986375,0.03670473061498806,360.8460059017179,False,nan,0.12920304093840443,30931.079654453286,633834.9128937894
BULBUL_2019,120,fixed_support_0p4,fixed17p5,0,42,76,10083,0.0,0.0,0.0,0.0,1,1,1,0,0,1.0,1.0,0.0,260.49197453881175,0.560379694282619,0.0,260.49197453881175,True,nan,0.007405063321302277,30931.079654453286,55196.646077710415
BULBUL_2019,120,ensemble_mean_fixed,clim99,0,0,879,9322,nan,0.0,0.0,0.0,0,3,0,0,3,nan,0.0,nan,nan,nan,0.0,nan,,nan,0.3042852935394005,0.0,633834.9128937894
BULBUL_2019,120,ensemble_mean_fixed,fixed17p5,0,0,76,10125,nan,0.0,0.0,0.0,0,1,0,0,1,nan,0.0,nan,nan,nan,0.0,nan,,nan,0.08396865148021605,0.0,55196.646077710415
BULBUL_2019,120,efi_0p8,clim99,235,853,644,8469,0.21599264705882354,0.267349260523322,0.13568129330254042,0.13568129330254042,8,3,2,6,1,0.25,0.6666666666666666,0.023782897308138568,488.8643384337885,26.640099259364632,0.13840903200641555,171.89308006514574,True,nan,0.22333285793657598,765724.644833731,633834.9128937894
BULBUL_2019,120,efi_0p8,fixed17p5,45,1043,31,9082,0.04136029411764706,0.5921052631578947,0.040214477211796246,0.040214477211796246,8,1,1,7,0,0.125,1.0,0.10613217123806899,283.5791449616297,5.180481034724596,0.041528339355365367,258.2402269404787,True,nan,0.033428719838949184,765724.644833731,55196.646077710415
BULBUL_2019,120,sot_gt0,clim99,492,1248,387,8074,0.2827586206896552,0.5597269624573379,0.231311706629055,0.231311706629055,8,3,2,6,1,0.25,0.6666666666666666,0.19062342535820678,648.4489409663755,41.1369230797899,0.23668231619590102,305.3462898776394,False,nan,0.23124583205971883,1232191.2548230262,633834.9128937894
BULBUL_2019,120,sot_gt0,fixed17p5,73,1667,3,8458,0.04195402298850575,0.9605263157894737,0.04188181296615032,0.04188181296615032,8,1,1,7,0,0.125,1.0,0.08350186178717225,220.1202564254832,11.46812972466917,0.0429676821483393,220.1202564254832,True,nan,0.03397093167508445,1232191.2548230262,55196.646077710415
BULBUL_2019,120,ensemble_mean_climate99,clim99,325,836,554,8486,0.27993109388458226,0.36973833902161546,0.18950437317784258,0.18950437317784258,5,3,2,3,1,0.4,0.6666666666666666,0.15048254369283462,482.13505566599986,24.5366043082965,0.19425046854670447,123.65780377811711,True,nan,0.3186874987986911,818065.6843643715,633834.9128937894
BULBUL_2019,120,ensemble_mean_climate99,fixed17p5,57,1104,19,9021,0.04909560723514212,0.75,0.048305084745762714,0.048305084745762714,5,1,1,4,0,0.2,1.0,0.10638468269772118,227.56648394355247,6.816743043485967,0.04987758413939403,220.04399814023085,True,nan,0.06938066942967692,818065.6843643715,55196.646077710415
BULBUL_2019,120,member_climate_support_0p4,clim99,440,997,439,8325,0.30619345859429364,0.5005688282138794,0.2345415778251599,0.2345415778251599,4,3,2,2,1,0.5,0.6666666666666666,0.1955489262680061,555.7936617777304,33.08921623202614,0.2406631359997069,288.3012519360486,True,nan,0.20809481693044501,1014392.2043635393,633834.9128937894
BULBUL_2019,120,member_climate_support_0p4,fixed17p5,73,1364,3,8761,0.05080027835768963,0.9605263157894737,0.050694444444444445,0.050694444444444445,4,1,1,3,0,0.25,1.0,0.10505705509384065,216.17840323725392,9.107116881134964,0.052173628808751635,216.17840323725392,True,nan,0.06373287274831585,1014392.2043635393,55196.646077710415
BULBUL_2019,120,no_message_ablation,clim99,809,935,70,8387,0.4638761467889908,0.9203640500568828,0.4459757442116869,0.4459757442116869,1,3,1,0,2,1.0,0.3333333333333333,0.44670013742116715,262.81617339829694,2.0489716935974656,0.44238399075651386,262.81617339829694,True,nan,0.5694208670961777,1272543.3780216966,633834.9128937894
BULBUL_2019,120,no_message_ablation,fixed17p5,76,1668,0,8457,0.04357798165137615,1.0,0.04357798165137615,0.04357798165137615,1,1,1,0,0,1.0,1.0,0.043375060552764376,144.9263945048392,23.054722858162513,0.043375060552764376,144.9263945048392,True,nan,0.127405076139272,1272543.3780216966,55196.646077710415
BULBUL_2019,72,fixed_support_0p4,clim99,43,3,836,9319,0.9347826086956522,0.048919226393629126,0.048752834467120185,0.048752834467120185,1,3,1,0,2,1.0,0.3333333333333333,0.05034643090695361,182.59468984512264,0.054028758935658026,0.04933552321029056,182.59468984512264,True,nan,0.1659139160184299,33555.338817584154,633834.9128937894
BULBUL_2019,72,fixed_support_0p4,fixed17p5,25,21,51,10104,0.5434782608695652,0.32894736842105265,0.25773195876288657,0.25773195876288657,1,1,1,0,0,1.0,1.0,0.25844032335442735,77.38638229523282,0.6079235098875784,0.2584403233544274,77.38638229523282,True,nan,0.18876957586817636,33555.338817584154,55196.646077710415
BULBUL_2019,72,ensemble_mean_fixed,clim99,0,0,879,9322,nan,0.0,0.0,0.0,0,3,0,0,3,nan,0.0,nan,nan,nan,0.0,nan,,nan,0.35253487114700793,0.0,633834.9128937894
BULBUL_2019,72,ensemble_mean_fixed,fixed17p5,0,0,76,10125,nan,0.0,0.0,0.0,0,1,0,0,1,nan,0.0,nan,nan,nan,0.0,nan,,nan,0.20064261790286603,0.0,55196.646077710415
BULBUL_2019,72,efi_0p8,clim99,158,568,721,8754,0.21763085399449036,0.17974971558589306,0.10919143054595715,0.10919143054595715,10,3,2,8,1,0.2,0.6666666666666666,0.018822784605716656,365.86870650292923,16.91887255980627,0.11113033133585877,123.24279215481069,True,nan,0.26550336979580325,506682.76181728696,633834.9128937894
BULBUL_2019,72,efi_0p8,fixed17p5,11,715,65,9410,0.015151515151515152,0.14473684210526316,0.01390644753476612,0.01390644753476612,10,1,1,9,0,0.1,1.0,0.04221172711838995,249.0111025561856,2.584079928666202,0.014466454881462712,234.8404448075885,True,nan,0.032433046742051136,506682.76181728696,55196.646077710415
BULBUL_2019,72,sot_gt0,clim99,609,1019,270,8303,0.3740786240786241,0.6928327645051194,0.32086406743940993,0.32086406743940993,9,3,2,7,1,0.2222222222222222,0.6666666666666666,0.26218531627980846,604.7214285459513,33.08412239834357,0.3263914782373644,204.93733531408384,True,nan,0.3256297177796562,1153921.1824246729,633834.9128937894
BULBUL_2019,72,sot_gt0,fixed17p5,76,1552,0,8573,0.04668304668304668,1.0,0.04668304668304668,0.04668304668304668,9,1,1,8,0,0.1111111111111111,1.0,0.08870912749505427,95.1814987123899,11.272797154450112,0.04783398287370776,95.1814987123899,True,nan,0.09053318258890489,1153921.1824246729,55196.646077710415
BULBUL_2019,72,ensemble_mean_climate99,clim99,290,584,589,8738,0.3318077803203661,0.32992036405005687,0.19822282980177716,0.19822282980177716,5,3,2,3,1,0.4,0.6666666666666666,0.15439826782846644,431.5061064961011,16.58554285663929,0.20222297661649202,262.9105542386406,True,nan,0.3538600769913499,615097.4184974553,633834.9128937894
BULBUL_2019,72,ensemble_mean_climate99,fixed17p5,69,805,7,9320,0.07894736842105263,0.9078947368421053,0.07832009080590238,0.07832009080590238,5,1,1,4,0,0.2,1.0,0.17263886249081567,152.83490549572994,5.170848666626513,0.08086044320025387,152.83490549572994,True,nan,0.26348108720715263,615097.4184974553,55196.646077710415
BULBUL_2019,72,member_climate_support_0p4,clim99,504,770,375,8552,0.3956043956043956,0.5733788395904437,0.30563978168587025,0.30563978168587025,5,3,2,3,1,0.4,0.6666666666666666,0.23716560074695936,598.4701208477285,28.01363503326933,0.3110506452392023,207.31416113217037,True,nan,0.2690934611967636,901985.5293967224,633834.9128937894
BULBUL_2019,72,member_climate_support_0p4,fixed17p5,74,1200,2,8925,0.058084772370486655,0.9736842105263158,0.05799373040752351,0.05799373040752351,5,1,1,4,0,0.2,1.0,0.10689862049442768,97.96064621112313,9.080931186438988,0.05948069571742702,97.96064621112313,True,nan,0.04867945428544559,901985.5293967224,55196.646077710415
BULBUL_2019,72,no_message_ablation,clim99,648,529,231,8793,0.550552251486831,0.7372013651877133,0.4602272727272727,0.4602272727272727,2,3,1,1,2,0.5,0.3333333333333333,0.47218489363396604,243.35938620625618,1.3604165908785164,0.4593323014450724,243.35938620625618,True,nan,0.5894837235262497,859998.7270193466,633834.9128937894
BULBUL_2019,72,no_message_ablation,fixed17p5,76,1101,0,9024,0.06457094307561598,1.0,0.06457094307561598,0.06457094307561598,2,1,1,1,0,0.5,1.0,0.06532871759767198,131.621784470365,15.307203887860116,0.06418224160518869,131.621784470365,True,nan,0.11001706954785095,859998.7270193466,55196.646077710415
BULBUL_2019,96,fixed_support_0p4,clim99,20,38,859,9284,0.3448275862068966,0.022753128555176336,0.021810250817884406,0.021810250817884406,1,3,1,0,2,1.0,0.3333333333333333,0.022661116473677037,435.4964589728784,0.0688860054704448,0.022223904175314,435.4964589728784,False,nan,0.1878636923470538,42782.645740640655,633834.9128937894
BULBUL_2019,96,fixed_support_0p4,fixed17p5,0,58,76,10067,0.0,0.0,0.0,0.0,1,1,0,1,1,0.0,0.0,nan,nan,nan,0.0,321.24305452320266,False,nan,0.09297155027002364,42782.645740640655,55196.646077710415
BULBUL_2019,96,ensemble_mean_fixed,clim99,1,10,878,9312,0.09090909090909091,0.0011376564277588168,0.0011248593925759281,0.0011248593925759281,1,3,1,0,2,1.0,0.3333333333333333,0.0011678190315269326,445.14842781923323,0.013051566916604425,0.0011445603187639009,445.14842781923323,False,nan,0.3016843396854574,8105.863592176545,633834.9128937894
BULBUL_2019,96,ensemble_mean_fixed,fixed17p5,0,11,76,10114,0.0,0.0,0.0,0.0,1,1,0,1,1,0.0,0.0,nan,nan,nan,0.0,327.8902592284925,False,nan,0.09734900179434904,8105.863592176545,55196.646077710415
BULBUL_2019,96,efi_0p8,clim99,198,665,681,8657,0.22943221320973348,0.22525597269624573,0.12823834196891193,0.12823834196891193,7,3,2,5,1,0.2857142857142857,0.6666666666666666,0.101810316035634,484.55651173479725,19.5528004346651,0.13152304804278733,342.3575922596742,False,nan,0.22014552345982305,603113.184787143,633834.9128937894
BULBUL_2019,96,efi_0p8,fixed17p5,30,833,46,9292,0.03476245654692932,0.39473684210526316,0.033003300330033,0.033003300330033,7,1,1,6,0,0.14285714285714285,1.0,0.09428475484872542,235.42606490641552,3.59628244541005,0.03434517041988126,235.42606490641552,True,nan,0.028916225157596773,603113.184787143,55196.646077710415
BULBUL_2019,96,sot_gt0,clim99,536,1090,343,8232,0.3296432964329643,0.6097838452787259,0.2722194007110208,0.2722194007110208,8,3,2,6,1,0.25,0.6666666666666666,0.2465452798808167,434.34551306357656,25.50357943861791,0.27927245947594054,227.08137387782116,True,nan,0.28037573804408084,1147657.1029721096,633834.9128937894
BULBUL_2019,96,sot_gt0,fixed17p5,76,1550,0,8575,0.046740467404674045,1.0,0.046740467404674045,0.046740467404674045,8,1,1,7,0,0.125,1.0,0.10034625648426929,148.45168557892708,9.965493831419256,0.04809506771209502,148.45168557892708,True,nan,0.05904240770829936,1147657.1029721096,55196.646077710415
BULBUL_2019,96,ensemble_mean_climate99,clim99,243,647,636,8675,0.27303370786516856,0.2764505119453925,0.15923984272608127,0.15923984272608127,6,3,2,4,1,0.3333333333333333,0.6666666666666666,0.019371810580107948,380.0944735491756,20.10220717632285,0.16317827309158642,126.31260703719116,True,nan,0.2633858578757516,623761.2039973049,633834.9128937894
BULBUL_2019,96,ensemble_mean_climate99,fixed17p5,45,845,31,9280,0.05056179775280899,0.5921052631578947,0.048859934853420196,0.048859934853420196,6,1,1,5,0,0.16666666666666666,1.0,0.12768176083669533,210.4588002961801,4.243097515229625,0.05070869621675177,208.40445119816223,True,nan,0.05945899527164263,623761.2039973049,55196.646077710415
BULBUL_2019,96,member_climate_support_0p4,clim99,326,863,553,8459,0.27417998317914216,0.3708759954493743,0.18714121699196326,0.18714121699196326,6,3,2,4,1,0.3333333333333333,0.6666666666666666,0.14479876754343063,469.88353982079195,22.287766824473096,0.19182170864986245,304.18739383786516,False,nan,0.2014469584131062,835870.7404257382,633834.9128937894
BULBUL_2019,96,member_climate_support_0p4,fixed17p5,71,1118,5,9007,0.05971404541631623,0.9342105263157895,0.059463986599664995,0.059463986599664995,6,1,1,5,0,0.16666666666666666,1.0,0.15255917275055375,194.9350355313366,6.059668649279331,0.06144087018708719,194.9350355313366,True,nan,0.04827504133284342,835870.7404257382,55196.646077710415
BULBUL_2019,96,no_message_ablation,clim99,712,684,167,8638,0.5100286532951289,0.8100113765642776,0.45553422904670504,0.45553422904670504,1,3,1,0,2,1.0,0.3333333333333333,0.45846700095611076,268.59127702261236,1.64134744668641,0.45332007772511457,268.59127702261236,True,nan,0.6088949684895609,1019382.469186979,633834.9128937894
BULBUL_2019,96,no_message_ablation,fixed17p5,76,1320,0,8805,0.054441260744985676,1.0,0.054441260744985676,0.054441260744985676,1,1,1,0,0,1.0,1.0,0.054147140789789314,150.6647551261716,18.468195834794162,0.05414714078978931,150.6647551261716,True,nan,0.11535450836728478,1019382.469186979,55196.646077710415
